SET SQL_MODE = "NO_AUTO_VALUE_ON_ZERO";
SET AUTOCOMMIT = 0;
START TRANSACTION;
SET time_zone = "+00:00";

SET FOREIGN_KEY_CHECKS = 0;

INSERT INTO `years` (`id`, `start`, `end`, `semester_start`, `semester_end`, `current`, `created_at`, `updated_at`, `semester`, `registration_start`, `registration_end`) VALUES
(1, 2021, 2022, '2021-06-21 16:00:00', '2021-10-21 16:00:00', 1, '2021-06-22 06:09:20', '2021-06-27 06:55:33', '1st Semester', '2021-06-23 16:00:00', '2021-07-13 16:00:00');

INSERT INTO `courses` (`id`, `code`, `description`, `open`, `created_at`, `updated_at`) VALUES
(1, 'BSED', 'Bachelor of Secondary Education', 1, '2021-06-22 06:05:12', '2021-06-22 06:05:12'),
(2, 'BSBA', 'Bachelor of Science in Business Administration', 1, '2021-06-22 06:05:58', '2021-06-22 06:05:58'),
(3, 'BEED', 'Bachelor of Elementary Education', 1, '2021-06-22 06:07:57', '2021-06-22 06:07:57');

INSERT INTO `majors` (`id`, `name`, `course_id`, `created_at`, `updated_at`) VALUES
(1, 'Mathematics', 1, '2021-06-22 06:05:12', '2021-06-22 06:05:12'),
(2, 'English', 1, '2021-06-22 06:05:12', '2021-06-22 06:05:12'),
(3, 'Filipino', 1, '2021-06-22 06:05:12', '2021-06-22 06:05:12'),
(4, 'Science', 1, '2021-06-22 06:05:12', '2021-06-22 06:05:12'),
(5, 'Social Science', 1, '2021-06-22 06:05:12', '2021-06-22 06:05:12'),
(6, 'Financial Management', 2, '2021-06-22 06:05:58', '2021-06-22 06:05:58'),
(7, 'Marketing Management', 2, '2021-06-22 06:05:58', '2021-06-22 06:05:58'),
(8, 'Concentration : Early Childhood Educ', 3, '2021-06-22 06:07:57', '2021-06-22 06:07:57');

INSERT INTO `requirements` (`id`, `name`, `created_at`, `updated_at`) VALUES
(1, 'Original Report Card (Form 138)', '2021-06-22 06:25:01', '2021-06-22 06:25:01'),
(2, 'Permanent Record (Form 137)', '2021-06-22 06:25:17', '2021-06-22 06:25:17'),
(3, 'Certificate of Good Moral', '2021-06-22 06:25:36', '2021-06-22 06:25:36'),
(4, '2 pcs. 1x1 Colored Id picture', '2021-06-22 06:25:49', '2021-06-22 06:25:49'),
(5, 'Photocopy of NSO Birth Certificate', '2021-06-22 06:26:28', '2021-06-22 06:26:28'),
(6, 'Long Brown Envelope', '2021-06-22 06:26:40', '2021-06-22 06:26:40');

INSERT INTO `subjects` (`id`, `code`, `description`, `course_id`, `major_id`, `level`, `term`, `units`, `created_at`, `updated_at`) VALUES
(1, 'GE1', 'Understanding the Self', 3, 8, '1st', '1st Semester', '3', '2021-06-22 06:33:51', '2021-06-22 06:33:51'),
(2, 'GE2', 'Readings in Philippine History', 3, 8, '1st', '1st Semester', '3', '2021-06-22 06:35:37', '2021-06-22 06:35:37'),
(3, 'GE3', 'The Contemporary World', 3, 8, '1st', '1st Semester', '3', '2021-06-22 06:36:22', '2021-06-22 06:36:22'),
(4, 'FIL1/GE', 'Intro sa Pag-aaral ng Wika', 3, 8, '1st', '1st Semester', '3', '2021-06-22 06:36:49', '2021-06-22 06:36:49'),
(5, 'ECE1', 'Child Development', 3, 8, '1st', '1st Semester', '3', '2021-06-22 06:37:22', '2021-06-22 06:37:22'),
(6, 'ECE2', 'Health and Nutrition Safety', 3, 8, '1st', '1st Semester', '3', '2021-06-22 06:40:16', '2021-06-22 06:40:16'),
(7, 'CAD', 'The Child and Adolescent Learners', 3, 8, '1st', '1st Semester', '3', '2021-06-22 06:43:35', '2021-06-22 06:43:35'),
(8, 'NSTP1', 'National Service Training Program 1', 3, 8, '1st', '1st Semester', '3', '2021-06-22 06:47:32', '2021-06-22 06:47:32'),
(9, 'ECE4', 'Play & Development Appropriate Practices in Early Childhood Educ', 3, 8, '1st', '2nd Semester', '3', '2021-06-22 06:47:58', '2021-06-22 06:57:47'),
(10, 'GE4', 'Mathematics in the Modern World', 3, 8, '1st', '2nd Semester', '3', '2021-06-22 06:49:13', '2021-06-22 06:49:13'),
(11, 'GE5', 'Purposive Communication', 3, 8, '1st', '2nd Semester', '3', '2021-06-22 06:49:52', '2021-06-22 06:49:52'),
(12, 'GE6', 'Art Appreciation', 3, 8, '1st', '2nd Semester', '3', '2021-06-22 06:50:18', '2021-06-22 06:50:18'),
(13, 'FIL2/GE', 'Masining na Pagpapahayag', 3, 8, '1st', '2nd Semester', '3', '2021-06-22 06:51:14', '2021-06-22 06:51:14'),
(14, 'GE1', 'Understanding the Self', 1, 1, '1st', '1st Semester', '3', '2021-06-22 07:20:34', '2021-06-22 07:20:34'),
(15, 'GE2', 'Readings in Philippine History', 1, 1, '1st', '1st Semester', '3', '2021-06-22 07:21:49', '2021-06-22 07:21:49'),
(16, 'GE3', 'The Contemporary World', 1, 1, '1st', '1st Semester', '3', '2021-06-22 07:22:19', '2021-06-22 07:22:19'),
(17, 'FIL1', 'Intro sa Pagaaral ng Wika', 1, 1, '1st', '1st Semester', '3', '2021-06-22 07:23:22', '2021-06-22 07:23:22'),
(18, 'TSF', 'Teaching in the Specialized Field', 1, 1, '1st', '1st Semester', '3', '2021-06-22 07:25:00', '2021-06-22 07:25:00'),
(19, 'Math101', 'History of Mathematics', 1, 1, '1st', '1st Semester', '3', '2021-06-22 07:25:35', '2021-06-22 07:25:35'),
(20, 'Math102', 'College and Advanced Algebra', 1, 1, '1st', '1st Semester', '3', '2021-06-22 07:26:06', '2021-06-22 07:26:06'),
(21, 'NSTP1', 'Civic Welfare Training Services', 1, 1, '1st', '1st Semester', '3', '2021-06-22 07:27:01', '2021-06-22 07:27:01'),
(22, 'PE1', 'Self-Testing Activities', 1, 1, '1st', '1st Semester', '2', '2021-06-22 07:27:52', '2021-06-22 07:32:05'),
(23, 'PE1', 'Self-Testing Activities', 3, 8, '1st', '1st Semester', '2', '2021-06-22 07:30:51', '2021-06-25 08:24:37'),
(24, 'GE1', 'Understanding the Self', 1, 2, '1st', '1st Semester', '3', '2021-06-22 07:31:39', '2021-06-22 07:31:39'),
(25, 'BELS', 'Building and Enhancing Literacy Skills', 3, 8, '1st', '2nd Semester', '3', '2021-06-22 07:32:20', '2021-06-22 07:32:20'),
(26, 'GE4', 'Mathematics in the Modern world', 1, 1, '1st', '2nd Semester', '3', '2021-06-22 07:34:10', '2021-06-22 07:34:10'),
(27, 'GE5', 'Purposive Communication', 1, 1, '1st', '2nd Semester', '3', '2021-06-22 07:35:24', '2021-06-22 09:16:16'),
(28, 'GE6', 'Art appreciation', 1, 1, '1st', '2nd Semester', '3', '2021-06-22 07:36:09', '2021-06-22 09:16:35'),
(29, 'FIL2/GE', 'Masining na Pagpapahayag', 1, 1, '1st', '2nd Semester', '3', '2021-06-22 07:37:41', '2021-06-25 07:01:05'),
(30, 'Math 103', 'Trigonometry', 1, 1, '1st', '2nd Semester', '3', '2021-06-22 07:42:21', '2021-06-22 07:42:21'),
(31, 'Math 104', 'Plane and Solid Geometry', 1, 1, '1st', '2nd Semester', '3', '2021-06-22 07:48:57', '2021-06-22 07:48:57'),
(32, 'Math 105', 'Logic and Set Theory', 1, 1, '1st', '2nd Semester', '3', '2021-06-22 08:13:07', '2021-06-25 07:02:02'),
(33, 'NSTP2', 'Civic Welfare Training Services', 3, 8, '1st', '2nd Semester', '3', '2021-06-23 05:57:22', '2021-06-23 05:57:22'),
(34, 'PE2', 'Fund of Rhythmic Activities', 3, 8, '1st', '2nd Semester', '2', '2021-06-23 05:59:00', '2021-06-23 05:59:00'),
(35, 'GE7', 'Science, Technology, and Society', 3, 8, '2nd', '1st Semester', '3', '2021-06-23 05:59:48', '2021-06-23 05:59:48'),
(36, 'GE8', 'Ethics', 3, 8, '2nd', '1st Semester', '3', '2021-06-23 06:00:34', '2021-06-23 06:00:34'),
(37, 'GE9', 'Rizal\'s Life, Work and Writings', 3, 8, '2nd', '1st Semester', '3', '2021-06-23 06:01:07', '2021-06-23 06:01:07'),
(38, 'GE/Elec1', 'Mathematics, Science and Teachnology', 3, 8, '2nd', '1st Semester', '3', '2021-06-23 06:05:03', '2021-06-23 06:05:03'),
(39, 'ECE5', 'Creative, Arts, Musics and Movements in Early Childhood Educ', 3, 8, '2nd', '1st Semester', '3', '2021-06-23 06:06:01', '2021-06-23 06:06:01'),
(40, 'ECE6', 'Numeracy Development', 3, 8, '2nd', '1st Semester', '3', '2021-06-23 06:07:49', '2021-06-23 06:07:49'),
(41, 'ECE7', 'Inclusive Education in Early Childhood', 3, 8, '2nd', '1st Semester', '3', '2021-06-23 06:08:50', '2021-06-23 06:08:50'),
(42, 'FIL3/GE', 'Lingwistika ng Wikang Pilipino', 3, 8, '2nd', '1st Semester', '3', '2021-06-23 06:09:46', '2021-06-23 06:09:46'),
(43, 'PE3', 'Individual/Dual Sports', 3, 8, '2nd', '1st Semester', '2', '2021-06-23 06:10:23', '2021-06-23 06:10:23'),
(44, 'GE/Elec2', 'Social Science and Philosophy', 3, 8, '2nd', '2nd Semester', '3', '2021-06-23 06:11:29', '2021-06-23 06:11:29'),
(45, 'ECE8', 'Children\'s Literature', 3, 8, '2nd', '2nd Semester', '3', '2021-06-23 06:12:09', '2021-06-23 06:12:09'),
(46, 'ECE9', 'Assessment of Children\'s Dev & Lrng.', 3, 8, '2nd', '2nd Semester', '3', '2021-06-23 06:13:01', '2021-06-23 06:13:01'),
(47, 'ECE10', 'Literacy Development', 3, 8, '2nd', '2nd Semester', '3', '2021-06-23 06:13:56', '2021-06-23 06:13:56'),
(48, 'ECE11', 'Social Studies in Early Childhood Educ', 3, 8, '2nd', '2nd Semester', '3', '2021-06-23 06:15:01', '2021-06-23 06:15:01'),
(49, 'GE/Elec3', 'Arts/Humanities', 3, 8, '2nd', '2nd Semester', '3', '2021-06-23 06:16:04', '2021-06-23 06:16:04'),
(50, 'TP', 'Teaching Profession', 3, 8, '2nd', '2nd Semester', '3', '2021-06-23 06:17:33', '2021-06-23 06:17:33'),
(51, 'TTSC', 'The Teacher and Community, Sch Culture & Organizational Leadership', 3, 8, '2nd', '2nd Semester', '3', '2021-06-23 06:18:31', '2021-06-23 06:18:31'),
(52, 'PE4', 'Team Sports', 3, 8, '2nd', '2nd Semester', '2', '2021-06-23 06:19:50', '2021-06-23 06:19:50'),
(53, 'ECE12', 'TTL2-Utilization of Instructional Technology in Early Childhood Educ', 3, 8, '3rd', '1st Semester', '3', '2021-06-23 06:33:29', '2021-06-23 06:33:29'),
(54, 'ECE13', 'Science in Early Childhood Education', 3, 8, '3rd', '1st Semester', '3', '2021-06-23 06:34:19', '2021-06-23 06:34:19'),
(55, 'ECE14', 'Guiding Children Behavioral/Moral Dev', 3, 8, '3rd', '1st Semester', '3', '2021-06-23 06:34:59', '2021-06-23 06:34:59'),
(56, 'ECE15', 'Infant and Toddler Programs', 3, 8, '3rd', '1st Semester', '3', '2021-06-23 06:35:31', '2021-06-23 06:35:31'),
(57, 'ECE16', 'Early Learning Development', 3, 8, '3rd', '1st Semester', '3', '2021-06-23 06:36:09', '2021-06-23 06:36:09'),
(58, 'ECE17', 'Early Childhood Educ Curriculum  Models', 3, 8, '3rd', '1st Semester', '3', '2021-06-23 06:37:06', '2021-06-23 06:37:06'),
(59, 'LIT/GE', 'Panitikan ng Rehiyon', 3, 8, '3rd', '1st Semester', '3', '2021-06-23 06:37:40', '2021-06-23 06:37:40'),
(60, 'TSC', 'The Teacher and the School Curriculum', 3, 8, '3rd', '1st Semester', '3', '2021-06-23 06:39:07', '2021-06-23 06:39:07'),
(61, 'ASL1', 'Assessment in Learning 1', 3, 8, '3rd', '1st Semester', '3', '2021-06-23 06:41:42', '2021-06-23 06:41:42'),
(62, 'ELECT', 'Special Topic/Multi Grade Classes', 3, 8, '3rd', '2nd Semester', '3', '2021-06-23 06:46:54', '2021-06-23 06:46:54'),
(63, 'ECE18', 'Management of Early Childhood Educ', 3, 8, '3rd', '2nd Semester', '3', '2021-06-23 06:48:24', '2021-06-23 06:48:24'),
(64, 'ECE19', 'Research in Early Childhood Education', 3, 8, '3rd', '2nd Semester', '3', '2021-06-23 06:49:15', '2021-06-23 06:49:15'),
(65, 'ASL2', 'Assessment of Learning 2', 3, 8, '3rd', '2nd Semester', '3', '2021-06-23 06:50:00', '2021-06-23 06:50:00'),
(66, 'FSE', 'Found of Special & Inclusive Educ', 3, 8, '3rd', '2nd Semester', '3', '2021-06-23 06:51:47', '2021-06-23 06:51:47'),
(67, 'LIT2/GE', 'Kontemporaryo ng Panitikang Filipino', 3, 8, '3rd', '2nd Semester', '3', '2021-06-23 06:52:54', '2021-06-23 06:52:54'),
(68, 'FLF', 'Facilitating Learning', 3, 8, '3rd', '2nd Semester', '3', '2021-06-23 06:53:39', '2021-06-23 06:53:39'),
(69, 'ELECT', 'Special Topic/Multi Grades Classes', 3, 8, '3rd', '2nd Semester', '3', '2021-06-23 06:55:05', '2021-06-23 06:55:05'),
(70, 'FS1', 'Field Study 1', 3, 8, '4th', '1st Semester', '3', '2021-06-23 06:55:57', '2021-06-23 06:55:57'),
(71, 'FS2', 'Field Study 2', 3, 8, '4th', '1st Semester', '3', '2021-06-23 06:57:05', '2021-06-23 06:57:05'),
(72, 'Pract 1', 'Practice Teaching 1', 3, 8, '4th', '2nd Semester', '3', '2021-06-23 06:58:30', '2021-06-23 06:58:30'),
(73, 'Pract2', 'Practice Teaching 2', 3, 8, '4th', '2nd Semester', '3', '2021-06-23 06:58:59', '2021-06-23 06:58:59'),
(74, 'GE1', 'Understanding the Self', 1, 4, '1st', '1st Semester', '3', '2021-06-23 07:44:39', '2021-06-23 07:44:39'),
(75, 'GE2', 'Readings in Philippine History', 1, 4, '1st', '1st Semester', '3', '2021-06-23 07:45:06', '2021-06-23 07:45:06'),
(76, 'FIL1/GE', 'Intro sa Pag-aaral ng Wika', 1, 4, '1st', '1st Semester', '3', '2021-06-23 07:45:32', '2021-06-23 07:45:32'),
(77, 'CAD', 'The Child and Adolescent Learners', 1, 4, '1st', '1st Semester', '3', '2021-06-23 07:46:12', '2021-06-23 07:46:12'),
(78, 'TP', 'Teaching Profession', 1, 4, '1st', '1st Semester', '3', '2021-06-23 07:46:43', '2021-06-23 07:46:43'),
(79, 'CHEM1', 'Inoraganic Chemistry', 1, 4, '1st', '1st Semester', '5', '2021-06-23 07:47:36', '2021-06-23 08:22:38'),
(80, 'NSTP1', 'National Service Training Program 1', 1, 4, '1st', '1st Semester', '3', '2021-06-23 07:48:01', '2021-06-23 07:48:01'),
(81, 'PE1', 'Self-Testing Activities', 1, 4, '1st', '1st Semester', '2', '2021-06-23 07:48:24', '2021-06-23 07:48:24'),
(82, 'GE3', 'The Contemporary World', 1, 4, '1st', '2nd Semester', '3', '2021-06-23 07:48:58', '2021-06-23 07:48:58'),
(83, 'FIL2/GE', 'Masining na Pagpapahayag', 1, 4, '1st', '2nd Semester', '3', '2021-06-23 07:51:59', '2021-06-23 07:51:59'),
(84, 'TTL', 'Technology for Teaching & Learning 1', 1, 4, '1st', '2nd Semester', '3', '2021-06-23 08:02:17', '2021-06-23 08:02:17'),
(85, 'TTSC', 'The Teacher and the Community, Sch Culture & Organizational Leadership', 1, 4, '1st', '2nd Semester', '3', '2021-06-23 08:03:20', '2021-06-23 08:03:20'),
(86, 'CHEM2', 'Analytical  Chemistry (Lectures/Lab)', 1, 4, '1st', '2nd Semester', '3', '2021-06-23 08:04:53', '2021-06-23 08:04:53'),
(87, 'PHYS1', 'Fluid Mechanics', 1, 4, '1st', '2nd Semester', '3', '2021-06-23 08:05:57', '2021-06-23 08:05:57'),
(88, 'NSTP2', 'National Service Training Program 2', 1, 4, '1st', '2nd Semester', '3', '2021-06-23 08:07:16', '2021-06-23 08:07:16'),
(89, 'PE2', 'Fund Rhythmic Activities', 1, 4, '1st', '2nd Semester', '2', '2021-06-23 08:07:52', '2021-06-23 08:07:52'),
(90, 'GE4', 'Mathematics in the Modern World', 1, 4, '2nd', '1st Semester', '3', '2021-06-23 08:19:07', '2021-06-23 08:19:07'),
(91, 'GE5', 'Purposive Communication', 1, 4, '2nd', '1st Semester', '3', '2021-06-23 08:20:35', '2021-06-23 08:20:35'),
(92, 'GE6', 'Art Appreciation', 1, 4, '2nd', '1st Semester', '3', '2021-06-23 08:21:02', '2021-06-23 08:21:02'),
(93, 'PHYS2', 'Thermodynamics(Lec/Lab)', 1, 4, '2nd', '1st Semester', '3', '2021-06-23 08:22:08', '2021-06-23 08:22:08'),
(94, 'CHEM3', 'Organic Chemistry(Lec/Lab)', 1, 4, '2nd', '1st Semester', '3', '2021-06-23 08:24:00', '2021-06-23 08:24:00'),
(95, 'FSE', 'Found of Special & Inclusive Educ', 1, 4, '2nd', '1st Semester', '3', '2021-06-23 08:24:57', '2021-06-23 08:24:57'),
(96, 'ASL1', 'Assessment of Learning 1', 1, 4, '2nd', '1st Semester', '3', '2021-06-23 08:25:34', '2021-06-23 08:25:34'),
(97, 'PE3', 'Individual/Dual Sports', 1, 4, '2nd', '1st Semester', '2', '2021-06-23 08:26:15', '2021-06-23 08:26:15'),
(98, 'GE8', 'Ethics', 1, 4, '2nd', '2nd Semester', '3', '2021-06-23 08:26:41', '2021-06-23 08:26:41'),
(99, 'GE9', 'Rizal\'s Life, Work and Writings', 1, 4, '2nd', '2nd Semester', '3', '2021-06-23 08:27:23', '2021-06-23 08:27:23'),
(100, 'GE/Elec1', 'Mathematics, Science and Technology', 1, 4, '2nd', '2nd Semester', '3', '2021-06-23 08:28:24', '2021-06-23 08:30:27'),
(101, 'GE/Elec2', 'Social Science and Philosophy', 1, 4, '2nd', '2nd Semester', '3', '2021-06-23 08:29:27', '2021-06-23 08:29:27'),
(102, 'GE/Elec3', 'Arts/Humanities', 1, 4, '2nd', '2nd Semester', '3', '2021-06-23 08:31:24', '2021-06-23 08:31:24'),
(103, 'FLF', 'Facilitating Learning', 1, 4, '2nd', '2nd Semester', '3', '2021-06-23 08:33:53', '2021-06-23 08:33:53'),
(104, 'ASL2', 'Assessment of Learning 2', 1, 4, '2nd', '2nd Semester', '3', '2021-06-23 08:34:25', '2021-06-23 08:34:25'),
(105, 'CHEM4', 'Biochemistry', 1, 4, '2nd', '2nd Semester', '3', '2021-06-23 08:34:54', '2021-06-23 08:34:54'),
(106, 'PE4', 'Team Sports', 1, 4, '2nd', '2nd Semester', '2', '2021-06-23 08:35:29', '2021-06-23 08:35:29'),
(130, 'GE1', 'Understanding the Self', 2, 7, '1st', '1st Semester', '3', '2021-06-24 06:48:53', '2021-06-24 06:48:53'),
(131, 'GE2', 'Readings in Philippine History', 2, 7, '1st', '1st Semester', '3', '2021-06-24 06:49:20', '2021-06-24 06:49:20'),
(132, 'GE3', 'The Contemporary World', 2, 7, '1st', '1st Semester', '3', '2021-06-24 06:50:20', '2021-06-24 06:50:20'),
(133, 'GE4', 'Mathematics in the Modern World', 2, 7, '1st', '1st Semester', '3', '2021-06-24 06:50:48', '2021-06-24 06:50:48'),
(134, 'FIL1', 'Komunikasyon sa Akademikong Pilipino', 2, 7, '1st', '1st Semester', '3', '2021-06-24 06:51:31', '2021-06-24 06:51:31'),
(135, 'LIT1', 'Phil Literature/Panitikan ng Rehiyon', 2, 7, '1st', '1st Semester', '3', '2021-06-24 06:52:27', '2021-06-24 06:52:27'),
(136, 'NSTP1', 'Civic Welfare Training Services', 2, 7, '1st', '1st Semester', '3', '2021-06-24 06:53:57', '2021-06-24 06:53:57'),
(137, 'PE1', 'Self-Testing Activities', 2, 7, '1st', '1st Semester', '2', '2021-06-24 06:55:24', '2021-06-24 06:55:24'),
(138, 'GE5', 'Purposive Communication', 2, 7, '1st', '2nd Semester', '3', '2021-06-24 06:56:02', '2021-06-24 06:56:02'),
(139, 'GE6', 'Art Appreciation', 2, 7, '1st', '2nd Semester', '3', '2021-06-24 06:56:21', '2021-06-24 06:56:21'),
(140, 'GE7', 'Science, Technology, and Society', 2, 7, '1st', '2nd Semester', '3', '2021-06-24 06:56:59', '2021-06-24 06:56:59'),
(141, 'GE8', 'Ethics', 2, 7, '1st', '2nd Semester', '3', '2021-06-24 06:57:23', '2021-06-24 06:57:23'),
(142, 'FIL2', 'Masining na Pagpapahayag', 2, 7, '1st', '2nd Semester', '3', '2021-06-24 06:58:36', '2021-06-24 06:58:36'),
(143, 'LIT2', 'Kontemporaryo ng Panitikang Pilipino', 2, 7, '1st', '2nd Semester', '3', '2021-06-24 06:59:22', '2021-06-24 06:59:22'),
(144, 'NSTP2', 'Civic Welfare Training Services', 2, 7, '1st', '2nd Semester', '3', '2021-06-24 06:59:47', '2021-06-24 06:59:47'),
(145, 'PE2', 'Fund of Rhythmic Activities', 2, 7, '1st', '2nd Semester', '2', '2021-06-24 07:00:35', '2021-06-24 07:00:35'),
(146, 'GE9', 'Rizal\'s Life, Work and Writings', 2, 7, '2nd', '1st Semester', '3', '2021-06-24 07:02:14', '2021-06-24 07:02:14'),
(147, 'GE/Elec1', 'Mathematics, Science and Technology', 2, 7, '2nd', '1st Semester', '3', '2021-06-24 07:03:45', '2021-06-24 07:03:45'),
(148, 'GE/Elec2', 'Social Science and Philosophy', 2, 7, '2nd', '1st Semester', '3', '2021-06-24 07:05:15', '2021-06-24 07:05:15'),
(149, 'BA1', 'Basic Microeconomics', 2, 7, '2nd', '1st Semester', '3', '2021-06-24 07:06:30', '2021-06-24 07:06:30'),
(150, 'PROF1', 'Professional Salesmanship', 2, 7, '2nd', '1st Semester', '3', '2021-06-24 07:11:49', '2021-06-24 07:11:49'),
(151, 'Inst. Sbj', 'Negotiable Instrument', 2, 7, '2nd', '1st Semester', '3', '2021-06-24 07:12:32', '2021-06-24 07:12:32'),
(152, 'PE3', 'Individual/Dual Sports', 2, 7, '2nd', '1st Semester', '2', '2021-06-24 07:13:09', '2021-06-24 07:13:09'),
(153, 'HUM2', 'Arts/Humanities', 2, 7, '2nd', '2nd Semester', '3', '2021-06-24 07:13:37', '2021-06-24 07:13:37'),
(154, 'BLAW1', 'Business Law, Obligation & Contract', 2, 7, '2nd', '2nd Semester', '3', '2021-06-24 07:14:32', '2021-06-24 07:14:32'),
(155, 'TAX1', 'Income Taxation', 2, 7, '2nd', '2nd Semester', '3', '2021-06-24 07:15:19', '2021-06-24 07:15:19'),
(156, 'PROF2', 'Marketing Research', 2, 7, '2nd', '2nd Semester', '3', '2021-06-24 07:15:47', '2021-06-24 07:15:47'),
(157, 'PROF3', 'Marketing Management', 2, 7, '2nd', '2nd Semester', '3', '2021-06-24 07:16:15', '2021-06-24 07:16:15'),
(158, 'MKTG1', 'Principles of Marketing', 2, 7, '2nd', '2nd Semester', '3', '2021-06-24 07:16:47', '2021-06-24 07:16:47'),
(159, 'PE4', 'Team Sports', 2, 7, '2nd', '2nd Semester', '2', '2021-06-24 07:17:14', '2021-06-24 07:17:14'),
(160, 'SFM', 'Strategic Management', 2, 7, '3rd', '1st Semester', '3', '2021-06-24 07:17:47', '2021-06-24 07:17:47'),
(161, 'SRGG', 'Good Governance & Social Responsibility', 2, 7, '3rd', '1st Semester', '3', '2021-06-24 07:18:19', '2021-06-24 07:18:19'),
(162, 'HRM', 'Human Resource Management', 2, 7, '3rd', '1st Semester', '3', '2021-06-24 07:18:52', '2021-06-24 07:18:52'),
(163, 'BA6', 'International Trade and Agreements', 2, 7, '3rd', '1st Semester', '3', '2021-06-24 07:19:29', '2021-06-24 07:19:29'),
(164, 'PROF4', 'Distribution Management', 2, 7, '3rd', '1st Semester', '3', '2021-06-24 07:20:00', '2021-06-24 07:20:00'),
(165, 'PROF5', 'Advertising', 2, 7, '3rd', '1st Semester', '3', '2021-06-24 07:20:35', '2021-06-24 07:20:35'),
(166, 'BA7', 'Business Research', 2, 7, '3rd', '2nd Semester', '3', '2021-06-24 07:21:17', '2021-06-24 07:21:17'),
(167, 'TQM', 'Operations Management (TQM)', 2, 7, '3rd', '2nd Semester', '3', '2021-06-24 07:21:50', '2021-06-24 07:21:50'),
(168, 'PROF6', 'Product Management', 2, 7, '3rd', '2nd Semester', '3', '2021-06-24 07:22:16', '2021-06-24 07:22:16'),
(169, 'PROF7', 'Retail Management', 2, 7, '3rd', '2nd Semester', '3', '2021-06-24 07:22:50', '2021-06-24 07:22:50'),
(170, 'ELEC5', 'Entrepreneural Management', 2, 7, '3rd', '2nd Semester', '3', '2021-06-24 07:23:55', '2021-06-24 07:23:55'),
(171, 'Inst. Sbj', 'Personality Dev\'t & Indvd\'l Responsibility', 2, 7, '3rd', '2nd Semester', '3', '2021-06-24 07:25:03', '2021-06-24 07:25:03'),
(172, 'PROF8', 'Pricing Strategy', 2, 7, '4th', '1st Semester', '3', '2021-06-24 07:26:38', '2021-06-24 07:26:38'),
(173, 'ELEC1', 'Cooperative Marketing Mangt.', 2, 7, '4th', '1st Semester', '3', '2021-06-24 07:27:11', '2021-06-24 07:27:11'),
(174, 'ELEC2M', 'Special Topics in Marketing Mangt.', 2, 7, '4th', '1st Semester', '3', '2021-06-24 07:27:59', '2021-06-24 07:27:59'),
(175, 'ELEC3', 'Sales Management', 2, 7, '4th', '1st Semester', '3', '2021-06-24 07:28:27', '2021-06-24 07:28:27'),
(176, 'ELEC4', 'Feasibility Study', 2, 7, '4th', '1st Semester', '3', '2021-06-24 07:29:31', '2021-06-24 07:29:31'),
(177, 'PRAC1', 'Practicum/Work Integrated Learning', 2, 7, '4th', '2nd Semester', '3', '2021-06-24 07:30:11', '2021-06-24 07:30:11'),
(178, 'PRAC2', 'Practicum/Work Integrated Learning', 2, 7, '4th', '2nd Semester', '3', '2021-06-24 07:31:08', '2021-06-24 07:31:08'),
(179, 'GE1', 'Understanding the Self', 1, 5, '1st', '1st Semester', '3', '2021-06-24 08:09:46', '2021-06-24 08:09:46'),
(180, 'GE2', 'Readings in Philippine History', 1, 5, '1st', '1st Semester', '3', '2021-06-24 08:10:57', '2021-06-24 08:10:57'),
(181, 'GE3', 'The Contemporary World', 1, 5, '1st', '1st Semester', '3', '2021-06-24 08:14:12', '2021-06-24 08:14:12'),
(182, 'SS1', 'Foundation of Social Studies', 1, 5, '1st', '1st Semester', '3', '2021-06-24 08:15:33', '2021-06-24 08:15:33'),
(183, 'SS2', 'Research in Social Studies', 1, 5, '1st', '1st Semester', '3', '2021-06-24 08:16:16', '2021-06-24 08:16:16'),
(184, 'GEOG1', 'Geography 1 (Human Geography)', 1, 5, '1st', '1st Semester', '3', '2021-06-24 08:17:07', '2021-06-24 08:18:23'),
(185, 'FIL1/GE', 'Intro sa Pag-aaral ng Wika', 1, 5, '1st', '1st Semester', '3', '2021-06-24 08:19:11', '2021-06-24 08:19:11'),
(186, 'NSTP1', 'Civic Welfare Training Services', 1, 5, '1st', '1st Semester', '3', '2021-06-24 08:30:42', '2021-06-24 08:30:42'),
(187, 'PE1', 'Self-Testing Activities', 1, 5, '1st', '1st Semester', '2', '2021-06-24 08:31:11', '2021-06-24 08:31:11'),
(188, 'GE8', 'Ethics', 1, 5, '2nd', '1st Semester', '3', '2021-06-24 08:31:44', '2021-06-24 08:31:44'),
(189, 'GE9', 'Rizal\'s Life, Work and Writings', 1, 5, '2nd', '1st Semester', '3', '2021-06-24 08:32:09', '2021-06-24 08:32:09'),
(190, 'SS4', 'Place & Landscape in the Changing World', 1, 5, '2nd', '1st Semester', '3', '2021-06-24 08:34:57', '2021-06-24 08:34:57'),
(191, 'SS5', 'Macroeconomics', 1, 5, '2nd', '1st Semester', '3', '2021-06-24 08:35:21', '2021-06-24 08:35:21'),
(192, 'SS6', 'World History (Ancient & Medieval Era)', 1, 5, '2nd', '1st Semester', '3', '2021-06-24 08:36:00', '2021-06-24 08:36:00'),
(193, 'SS7', 'Law and Related Studies', 1, 5, '2nd', '1st Semester', '3', '2021-06-24 08:36:44', '2021-06-24 08:36:44'),
(194, 'CAD', 'The Children and Adolescent Learners', 1, 5, '2nd', '1st Semester', '3', '2021-06-24 08:37:20', '2021-06-24 08:37:20'),
(195, 'TP', 'Teaching Profession', 1, 5, '2nd', '1st Semester', '3', '2021-06-24 08:37:59', '2021-06-24 08:37:59'),
(196, 'PE3', 'Individual/Dual Sports', 1, 5, '2nd', '1st Semester', '2', '2021-06-24 08:38:31', '2021-06-24 08:38:31'),
(197, 'SS12', 'Tchg Approaches in Secondary S.S.', 1, 5, '3rd', '1st Semester', '3', '2021-06-24 08:39:12', '2021-06-24 08:39:12'),
(198, 'SS13', 'Asses/Eval in the Social Sciences', 1, 5, '3rd', '1st Semester', '3', '2021-06-24 08:40:07', '2021-06-24 08:40:07'),
(199, 'TTL', 'Technology for Teaching & Learning', 1, 5, '3rd', '1st Semester', '3', '2021-06-24 08:40:39', '2021-06-24 08:40:39'),
(200, 'SS14', 'World History', 1, 5, '3rd', '1st Semester', '3', '2021-06-24 08:41:06', '2021-06-24 08:41:06'),
(201, 'FSE', 'Found of Special & Inclusive Educ', 1, 5, '3rd', '1st Semester', '3', '2021-06-24 08:41:44', '2021-06-24 08:41:44'),
(202, 'FLF', 'Facilitating Learning', 1, 5, '3rd', '1st Semester', '3', '2021-06-24 08:42:25', '2021-06-24 08:42:25'),
(204, 'SS15', 'Asian Studies', 1, 5, '3rd', '1st Semester', '3', '2021-06-24 08:43:41', '2021-06-24 08:43:41'),
(205, 'LIT1', 'Panitikan ng Rehiyon', 1, 5, '3rd', '1st Semester', '3', '2021-06-24 08:44:14', '2021-06-24 08:44:14'),
(206, 'FS1', 'Field Study 1', 1, 5, '4th', '1st Semester', '3', '2021-06-24 08:44:40', '2021-06-24 08:44:40'),
(207, 'FS2', 'Field Study 2', 1, 5, '4th', '1st Semester', '3', '2021-06-24 08:45:08', '2021-06-24 08:45:08'),
(208, 'ELECT1', 'Nationalism', 1, 5, '4th', '1st Semester', '3', '2021-06-24 08:45:34', '2021-06-24 08:45:34'),
(209, 'ELEC2', 'Social Networking for Social Integration', 1, 5, '4th', '1st Semester', '3', '2021-06-24 08:46:15', '2021-06-24 08:46:15'),
(210, 'GE4', 'Mathematics in the Modern World', 1, 5, '1st', '2nd Semester', '3', '2021-06-24 08:49:40', '2021-06-24 08:51:11'),
(211, 'GE5', 'Purposive Communication', 1, 5, '1st', '2nd Semester', '3', '2021-06-24 08:50:37', '2021-06-24 08:52:05'),
(212, 'GE6', 'Art Appreciation', 1, 5, '1st', '2nd Semester', '3', '2021-06-24 08:57:18', '2021-06-24 08:57:18'),
(213, 'GE7', 'Science, Technology, and Society', 1, 5, '1st', '2nd Semester', '3', '2021-06-24 08:58:17', '2021-06-24 08:58:17'),
(214, 'GEOG2', 'Geography 2 (Physical Geography)', 1, 5, '1st', '2nd Semester', '3', '2021-06-24 08:59:39', '2021-06-24 08:59:39'),
(215, 'SS3', 'Micro Economics', 1, 5, '1st', '2nd Semester', '3', '2021-06-24 09:00:10', '2021-06-24 09:00:10'),
(216, 'FIL2/GE', 'Masining na Pagpapahayag', 1, 5, '1st', '2nd Semester', '3', '2021-06-24 09:00:41', '2021-06-24 09:00:41'),
(217, 'NSTP1', 'Civic Welfare Training Services', 1, 5, '1st', '2nd Semester', '3', '2021-06-24 09:06:47', '2021-06-24 09:06:47'),
(218, 'PE2', 'Fund of Rhythmic Activities', 1, 5, '1st', '2nd Semester', '2', '2021-06-24 09:07:23', '2021-06-24 09:07:23'),
(219, 'GE/Elec1', 'Mathematics, Science and Technology', 1, 5, '2nd', '2nd Semester', '3', '2021-06-24 09:07:59', '2021-06-24 09:07:59'),
(220, 'GE/Elec2', 'Social Science and Philisophy', 1, 5, '2nd', '2nd Semester', '3', '2021-06-24 09:09:11', '2021-06-24 09:09:11'),
(221, 'GE/Elec3', 'Arts/Humanities', 1, 5, '2nd', '2nd Semester', '3', '2021-06-24 09:09:36', '2021-06-24 09:09:36'),
(222, 'SS8', 'Comparative Government & Policies', 1, 5, '2nd', '2nd Semester', '3', '2021-06-24 09:10:20', '2021-06-24 09:10:20'),
(223, 'SS9', 'Geography 3', 1, 5, '2nd', '2nd Semester', '3', '2021-06-24 09:10:50', '2021-06-24 09:10:50'),
(224, 'SS10', 'Trends and Issues in Social Studies', 1, 5, '2nd', '2nd Semester', '3', '2021-06-24 09:11:23', '2021-06-24 09:11:23'),
(225, 'TTSC', 'The Teacher and the Community. Sch Culture & Organizational Leadership', 1, 5, '2nd', '2nd Semester', '3', '2021-06-24 09:12:27', '2021-06-24 09:12:27'),
(226, 'SS11', 'Comparative Economic Planning', 1, 5, '2nd', '2nd Semester', '3', '2021-06-24 09:13:02', '2021-06-24 09:13:02'),
(227, 'PE4', 'Team Sports', 1, 5, '2nd', '2nd Semester', '2', '2021-06-24 09:13:33', '2021-06-24 09:13:33'),
(228, 'SS16', 'Integrative Methods in Thg Social', 1, 5, '3rd', '2nd Semester', '3', '2021-06-24 09:15:30', '2021-06-24 09:15:30'),
(229, 'TTL', 'Technology for Teaching & Learning 2', 1, 5, '3rd', '2nd Semester', '3', '2021-06-24 09:16:28', '2021-06-24 09:16:28'),
(230, 'TSC', 'The Teacher and the School Curriculum', 1, 5, '3rd', '2nd Semester', '3', '2021-06-24 09:17:05', '2021-06-24 09:17:05'),
(231, 'BELS', 'Building and Enhancing Literacy Skills', 1, 5, '3rd', '2nd Semester', '3', '2021-06-24 09:17:37', '2021-06-24 09:17:37'),
(232, 'SS17', 'Socio-Cultural Anthropology', 1, 5, '3rd', '2nd Semester', '3', '2021-06-24 09:18:20', '2021-06-24 09:18:20'),
(233, 'LIT2/GE', 'Kontemporaryo ng Panitikang Pilipino', 1, 5, '3rd', '2nd Semester', '3', '2021-06-24 09:19:30', '2021-06-24 09:23:37'),
(234, 'SS18', 'Prod of S.S Instructional Materials', 1, 5, '3rd', '2nd Semester', '3', '2021-06-24 09:21:09', '2021-06-24 09:21:09'),
(235, 'FIL3/GE', 'Lingwistika ng Wikang Pilipino', 1, 5, '3rd', '2nd Semester', '3', '2021-06-24 09:22:44', '2021-06-24 09:22:44'),
(236, 'ASL2', 'Assessment of Learning 2', 1, 5, '3rd', '2nd Semester', '3', '2021-06-24 09:23:16', '2021-06-24 09:23:16'),
(237, 'Pract1', 'Practice Teaching 1', 1, 5, '4th', '2nd Semester', '3', '2021-06-24 09:43:39', '2021-06-24 09:43:39'),
(238, 'Pract2', 'Practice Teaching 2', 1, 5, '4th', '2nd Semester', '3', '2021-06-24 09:44:11', '2021-06-24 09:44:11'),
(239, 'TTS', 'The Tchg of Science', 1, 4, '3rd', '1st Semester', '3', '2021-06-24 09:51:44', '2021-06-24 09:51:44'),
(240, 'PHYS3', 'Electricity and Magnetism', 1, 4, '3rd', '1st Semester', '4', '2021-06-24 09:52:42', '2021-06-24 09:52:42'),
(241, 'TSC', 'The Teacher and the School Curriculum', 1, 4, '3rd', '1st Semester', '3', '2021-06-24 09:53:28', '2021-06-24 09:53:28'),
(242, 'BELS', 'Building and Enhancing Literacy Skills', 1, 4, '3rd', '1st Semester', '3', '2021-06-24 09:54:22', '2021-06-24 09:54:22'),
(243, 'BIO2', 'Cell and Molecular Biology', 1, 4, '3rd', '1st Semester', '4', '2021-06-24 09:55:06', '2021-06-24 09:55:06'),
(244, 'PHYS4', 'Waves and Optics', 1, 4, '3rd', '1st Semester', '4', '2021-06-24 09:55:36', '2021-06-24 09:55:36'),
(245, 'LIT1/GE', 'Panitikan ng Rehiyon', 1, 4, '3rd', '1st Semester', '3', '2021-06-24 09:56:21', '2021-06-24 09:56:21'),
(246, 'GE7', 'Science, Technology, and Society', 1, 4, '3rd', '1st Semester', '3', '2021-06-24 09:56:45', '2021-06-24 09:56:45'),
(247, 'FS1', 'Field Study 1', 1, 4, '4th', '1st Semester', '3', '2021-06-24 09:57:20', '2021-06-24 09:57:20'),
(248, 'FS2', 'Field Study 2', 1, 4, '4th', '1st Semester', '3', '2021-06-24 09:57:40', '2021-06-24 09:57:40'),
(249, 'Pract1', 'Practice Teaching 1', 1, 4, '4th', '2nd Semester', '3', '2021-06-24 09:58:08', '2021-06-24 10:12:58'),
(250, 'Pract2', 'Practice Teaching 2', 1, 4, '4th', '2nd Semester', '3', '2021-06-24 09:58:42', '2021-06-24 09:58:42'),
(251, 'TTL2', 'Technology for Teaching & Learning 2', 1, 4, '3rd', '2nd Semester', '3', '2021-06-24 09:59:13', '2021-06-24 09:59:13'),
(252, 'ELECT', 'Research in Teaching', 1, 4, '3rd', '2nd Semester', '3', '2021-06-24 10:00:08', '2021-06-24 10:00:08'),
(253, 'BIO3', 'Microbiology and Parasitology', 1, 4, '3rd', '2nd Semester', '4', '2021-06-24 10:00:39', '2021-06-24 10:02:22'),
(254, 'PHYS4', 'Modern Physics', 1, 4, '3rd', '2nd Semester', '3', '2021-06-24 10:01:13', '2021-06-24 10:01:13'),
(255, 'BIO4', 'Anatomy and Physiology', 1, 4, '3rd', '2nd Semester', '4', '2021-06-24 10:03:09', '2021-06-24 10:03:09'),
(256, 'LIT2/GE', 'Kontemporaryo ng Panitikang Pilipino', 1, 4, '3rd', '2nd Semester', '3', '2021-06-24 10:03:37', '2021-06-24 10:03:37'),
(257, 'BIO1', 'Genetics', 1, 4, '3rd', '2nd Semester', '4', '2021-06-24 10:04:13', '2021-06-24 10:04:13'),
(258, 'FIL3/GE', 'Lingwistika ng Wikang Pilipino', 1, 4, '3rd', '2nd Semester', '3', '2021-06-24 10:05:02', '2021-06-24 10:05:02'),
(259, 'MET', 'Meteorology', 1, 4, '4th', '1st Semester', '3', '2021-06-24 10:15:39', '2021-06-24 10:15:39'),
(260, 'ES', 'Earth Science', 1, 4, '-- Select --', 'Summer', '3', '2021-06-24 10:17:47', '2021-06-24 10:17:47'),
(261, 'AR', 'Astronomy', 1, 4, '-- Select --', 'Summer', '3', '2021-06-24 10:20:33', '2021-06-24 10:20:33'),
(262, 'EVS', 'Environmental Science', 1, 4, '-- Select --', 'Summer', '3', '2021-06-24 10:21:35', '2021-06-24 10:21:35'),
(263, 'GE2', 'Readings in Philippine History', 1, 2, '1st', '1st Semester', '3', '2021-06-25 05:51:35', '2021-06-25 05:51:35'),
(264, 'GE3', 'The Contemporary World', 1, 2, '1st', '1st Semester', '3', '2021-06-25 05:52:05', '2021-06-25 05:52:05'),
(265, 'GE/F1', 'Intro sa Pag-aaral ng Wika', 1, 2, '1st', '1st Semester', '3', '2021-06-25 05:52:48', '2021-06-25 05:52:48'),
(266, 'MJR1', 'Intro to Linguistics', 1, 2, '1st', '1st Semester', '3', '2021-06-25 05:53:21', '2021-06-25 05:53:21'),
(267, 'MJR2', 'Language, Culture and Society', 1, 2, '1st', '1st Semester', '3', '2021-06-25 05:53:56', '2021-06-25 05:53:56'),
(268, 'MJR3', 'Structure of English', 1, 2, '1st', '1st Semester', '3', '2021-06-25 05:55:25', '2021-06-25 05:55:25'),
(269, 'NSTP1', 'National Service Training Program 1', 1, 2, '1st', '1st Semester', '3', '2021-06-25 05:56:16', '2021-06-25 05:56:16'),
(270, 'PE1', 'Self-Testing Activities', 1, 2, '1st', '1st Semester', '2', '2021-06-25 05:56:37', '2021-06-25 05:56:37'),
(271, 'GE4', 'Mathematics in the Modern World', 1, 2, '1st', '2nd Semester', '3', '2021-06-25 05:56:57', '2021-06-25 05:56:57'),
(272, 'GE5', 'Purposive Communication', 1, 2, '1st', '2nd Semester', '3', '2021-06-25 05:57:23', '2021-06-25 05:57:23'),
(273, 'GE/F2', 'Masining na Pagpapahayag', 1, 2, '1st', '2nd Semester', '3', '2021-06-25 05:57:53', '2021-06-25 05:57:53'),
(274, 'GE1', 'Understanding the Self', 2, 6, '1st', '1st Semester', '3', '2021-06-25 05:58:27', '2021-06-25 05:58:27'),
(275, 'MJR4', 'Prin & Theories Acquisition and Learning', 1, 2, '1st', '2nd Semester', '3', '2021-06-25 05:58:56', '2021-06-25 05:58:56'),
(276, 'GE2', 'Reading in the Philippines', 2, 6, '1st', '1st Semester', '3', '2021-06-25 06:00:22', '2021-06-25 06:00:22'),
(277, 'MJR5', 'Lang Prog & Policies in Multilingual Soc', 1, 2, '1st', '2nd Semester', '3', '2021-06-25 06:00:57', '2021-06-25 06:00:57'),
(278, 'MJR6', 'Language Lrng Materials Development', 1, 2, '1st', '2nd Semester', '3', '2021-06-25 06:01:35', '2021-06-25 06:01:35'),
(279, 'GE3', 'The Contemporary World', 2, 6, '1st', '1st Semester', '3', '2021-06-25 06:01:44', '2021-06-25 06:01:44'),
(280, 'CAD', 'Child and Adolescent Development', 1, 2, '1st', '2nd Semester', '3', '2021-06-25 06:02:08', '2021-06-25 06:02:08'),
(281, 'NSTP2', 'National Service Training Program 2', 1, 2, '1st', '2nd Semester', '3', '2021-06-25 06:02:32', '2021-06-25 06:02:32'),
(282, 'GE4', 'Mathematics in the modern World', 2, 6, '1st', '1st Semester', '3', '2021-06-25 06:03:08', '2021-06-25 06:03:08'),
(283, 'PE2', 'Fund of Rhythmic Activities', 1, 2, '1st', '2nd Semester', '2', '2021-06-25 06:03:23', '2021-06-25 06:03:23'),
(284, 'GE6', 'Art Appreciation', 1, 2, '2nd', '1st Semester', '3', '2021-06-25 06:03:58', '2021-06-25 06:03:58'),
(285, 'GE7', 'Science, Technology, and Society', 1, 2, '2nd', '1st Semester', '3', '2021-06-25 06:04:22', '2021-06-25 06:04:22'),
(286, 'Fil1', 'Komunikasyon sa Akademikong Filipino', 2, 6, '1st', '1st Semester', '3', '2021-06-25 06:04:30', '2021-06-25 06:04:30'),
(287, 'LIT1', 'Phil Literature/ Panitikan ng Rehiyon', 2, 6, '1st', '1st Semester', '3', '2021-06-25 06:06:00', '2021-06-25 06:06:00'),
(288, 'GE8', 'Ethics', 1, 2, '2nd', '1st Semester', '3', '2021-06-25 06:06:09', '2021-06-25 06:06:09'),
(289, 'MJR7', 'Tchg & Assessment of Literature Studies', 1, 2, '2nd', '1st Semester', '3', '2021-06-25 06:07:24', '2021-06-25 06:07:24'),
(290, 'NSTP1', 'National Service Training Program 1', 2, 6, '1st', '1st Semester', '3', '2021-06-25 06:07:38', '2021-06-25 06:07:38'),
(291, 'MJR8', 'Tchg & Assessment of the Macroskills', 1, 2, '2nd', '1st Semester', '3', '2021-06-25 06:08:59', '2021-06-25 06:08:59'),
(292, 'PE1', 'Self Testing Activities', 2, 6, '1st', '1st Semester', '2', '2021-06-25 06:09:04', '2021-06-25 06:09:04'),
(293, 'MJR9', 'Tchg and Assessment of Grammar', 1, 2, '2nd', '1st Semester', '3', '2021-06-25 06:09:32', '2021-06-25 06:09:32'),
(294, 'MJR10', 'Speech and Theater Art', 1, 2, '2nd', '1st Semester', '3', '2021-06-25 06:09:58', '2021-06-25 06:09:58'),
(295, 'TP', 'Teaching Profession', 1, 2, '2nd', '1st Semester', '3', '2021-06-25 06:10:40', '2021-06-25 06:10:40'),
(296, 'PE3', 'Individual/Dual Sports', 1, 2, '2nd', '1st Semester', '2', '2021-06-25 06:11:33', '2021-06-25 06:11:33'),
(297, 'GE9', 'Rizal\'s Life, Work and Writings', 1, 2, '2nd', '2nd Semester', '3', '2021-06-25 06:12:55', '2021-06-25 06:12:55'),
(298, 'GE/E1', 'Mathematics, Science and Technology', 1, 2, '2nd', '2nd Semester', '3', '2021-06-25 06:13:20', '2021-06-25 06:13:20'),
(299, 'GE/E2', 'Social Science and Philosophy', 1, 2, '2nd', '2nd Semester', '3', '2021-06-25 06:14:07', '2021-06-25 06:14:07'),
(300, 'GE/E3', 'Arts/Humanities', 1, 2, '2nd', '2nd Semester', '3', '2021-06-25 06:14:25', '2021-06-25 06:14:25'),
(301, 'MJR11', 'Language Educational Research', 1, 2, '2nd', '2nd Semester', '3', '2021-06-25 06:15:02', '2021-06-25 06:15:02'),
(302, 'MJR12', 'Children & Adolescent Literature', 1, 2, '2nd', '2nd Semester', '3', '2021-06-25 06:15:38', '2021-06-25 06:15:38'),
(303, 'MJR13', 'Mythology and Folklore', 1, 2, '2nd', '2nd Semester', '3', '2021-06-25 06:16:08', '2021-06-25 06:16:08'),
(304, 'GE5', 'Purposive Communication', 2, 6, '1st', '2nd Semester', '3', '2021-06-25 06:16:30', '2021-06-25 06:16:30'),
(305, 'TTSC', 'The Teacher and the Community, Sch Culture & Organizational Leadership', 1, 2, '2nd', '2nd Semester', '3', '2021-06-25 06:16:58', '2021-06-25 06:16:58'),
(306, 'PE4', 'Team Sports', 1, 2, '2nd', '2nd Semester', '2', '2021-06-25 06:17:21', '2021-06-25 06:17:21'),
(307, 'GE6', 'Art Appreciation', 2, 6, '1st', '2nd Semester', '3', '2021-06-25 06:17:33', '2021-06-25 06:17:33'),
(308, 'GE7', 'Science, technology, and Society', 2, 6, '1st', '2nd Semester', '3', '2021-06-25 06:19:09', '2021-06-25 06:19:09'),
(309, 'GE8', 'Ethics', 2, 6, '1st', '2nd Semester', '3', '2021-06-25 06:19:53', '2021-06-25 06:19:53'),
(310, 'Fil2', 'Masining na Pgpapahayag', 2, 6, '1st', '2nd Semester', '3', '2021-06-25 06:21:26', '2021-06-25 06:21:26'),
(311, 'LIT2', 'Kontemporaryo ng Panitikang Filipino', 2, 6, '1st', '2nd Semester', '3', '2021-06-25 06:22:51', '2021-06-25 06:22:51'),
(312, 'NSTP2', 'National Service Training Program 2', 2, 6, '1st', '2nd Semester', '3', '2021-06-25 06:23:58', '2021-06-25 06:23:58'),
(313, 'MJR14', 'Survey of Philippine Literature in English', 1, 2, '3rd', '1st Semester', '3', '2021-06-25 06:24:36', '2021-06-25 06:24:36'),
(314, 'MJR15', 'Survey of Afro-Asian Literature', 1, 2, '3rd', '1st Semester', '3', '2021-06-25 06:25:11', '2021-06-25 06:25:11'),
(315, 'MJR16', 'Survey of Engl & American Literature', 1, 2, '3rd', '1st Semester', '3', '2021-06-25 06:25:45', '2021-06-25 06:25:45'),
(316, 'MJR17', 'Contemporary, Popular, Emergent Lit', 1, 2, '3rd', '1st Semester', '3', '2021-06-25 06:26:24', '2021-06-25 06:26:24'),
(317, 'FIL3/GE', 'Lingwistika ng Wikang Pilipino', 1, 2, '3rd', '1st Semester', '3', '2021-06-25 06:26:59', '2021-06-25 06:26:59'),
(318, 'LIT1/GE', 'Panitikan ng Rehiyon', 1, 2, '3rd', '1st Semester', '3', '2021-06-25 06:27:24', '2021-06-25 06:27:24'),
(319, 'FSE', 'Found of Special & Inclusive Educ', 1, 2, '3rd', '1st Semester', '3', '2021-06-25 06:28:19', '2021-06-25 06:28:19'),
(320, 'FLF', 'Facilitating Learning', 1, 2, '3rd', '1st Semester', '3', '2021-06-25 06:28:46', '2021-06-25 06:28:46'),
(321, 'ASL1', 'Assessment of Learning 1', 1, 2, '3rd', '1st Semester', '3', '2021-06-25 06:29:17', '2021-06-25 06:29:17'),
(322, 'MJR18', 'Literacy Criticism', 1, 2, '3rd', '2nd Semester', '3', '2021-06-25 06:29:38', '2021-06-25 06:29:38'),
(323, 'MJR19', 'Technical Writing', 1, 2, '3rd', '2nd Semester', '3', '2021-06-25 06:30:14', '2021-06-25 06:30:14'),
(324, 'PE2', 'Fund of Rhythmic Activities', 2, 6, '1st', '2nd Semester', '2', '2021-06-25 06:30:19', '2021-06-25 06:30:19'),
(325, 'MJR20', 'Campus Journalism', 1, 2, '3rd', '2nd Semester', '3', '2021-06-25 06:31:24', '2021-06-25 06:31:24'),
(326, 'TTL1', 'Technology for Teaching & Learning 1', 1, 2, '3rd', '2nd Semester', '3', '2021-06-25 06:38:04', '2021-06-25 06:38:04'),
(327, 'LIT2/GE', 'Kontemporaryo ng Panitikang Pilipino', 1, 2, '3rd', '2nd Semester', '3', '2021-06-25 06:38:29', '2021-06-25 06:38:29'),
(328, 'TTL2', 'Technology for Teaching & Learning 2', 1, 2, '3rd', '2nd Semester', '3', '2021-06-25 06:38:53', '2021-06-25 06:38:53'),
(329, 'ASL2', 'Assessment of Learning 2', 1, 2, '3rd', '2nd Semester', '3', '2021-06-25 06:39:50', '2021-06-25 06:39:50'),
(330, 'TSC', 'The Teacher and the School Curriculum', 1, 2, '3rd', '2nd Semester', '3', '2021-06-25 06:40:47', '2021-06-25 06:40:47'),
(331, 'BELS', 'Building and Enhancing Literacy Skills', 1, 2, '3rd', '2nd Semester', '3', '2021-06-25 06:41:13', '2021-06-25 06:41:13'),
(332, 'ELECT', 'English for Specific Purpose', 1, 2, '4th', '1st Semester', '3', '2021-06-25 06:41:52', '2021-06-25 06:41:52'),
(333, 'ELECT', 'Creative Writing', 1, 2, '4th', '1st Semester', '3', '2021-06-25 06:42:18', '2021-06-25 06:42:18'),
(334, 'FS1', 'Field Study 1', 1, 2, '4th', '1st Semester', '3', '2021-06-25 06:42:47', '2021-06-25 06:42:47'),
(335, 'FS2', 'Field Study 2', 1, 2, '4th', '1st Semester', '3', '2021-06-25 06:43:09', '2021-06-25 06:43:09'),
(336, 'Pract1', 'Practice Teaching 1', 1, 2, '4th', '2nd Semester', '3', '2021-06-25 06:44:04', '2021-06-25 06:44:04'),
(337, 'Pract2', 'Practice Teaching 2', 1, 2, '4th', '2nd Semester', '3', '2021-06-25 06:44:25', '2021-06-25 06:44:25'),
(338, 'NSTP2', 'Civic Welfare Training Services', 1, 1, '1st', '2nd Semester', '3', '2021-06-25 07:02:40', '2021-06-25 07:02:40'),
(339, 'PE2', 'Fund of Rhythmic Activities', 1, 1, '1st', '2nd Semester', '2', '2021-06-25 07:03:17', '2021-06-25 07:03:17'),
(340, 'GE7', 'Science, Technology, and Society', 1, 1, '2nd', '1st Semester', '3', '2021-06-25 07:03:50', '2021-06-25 07:03:50'),
(341, 'GE8', 'Ethics', 1, 1, '2nd', '1st Semester', '3', '2021-06-25 07:04:09', '2021-06-25 07:04:09'),
(342, 'GE9', 'Rizal\'s Life, Work and Writings', 1, 1, '2nd', '1st Semester', '3', '2021-06-25 07:04:34', '2021-06-25 07:04:34'),
(343, 'CAL 1', 'Calculus 3 w/ Analytics Geometry', 1, 1, '2nd', '1st Semester', '4', '2021-06-25 07:05:23', '2021-06-25 07:09:55'),
(344, 'Math106', 'Elementary Statistics & Probability', 1, 1, '2nd', '1st Semester', '3', '2021-06-25 07:06:44', '2021-06-25 07:06:44'),
(345, 'Math107', 'Mathematics of Investment', 1, 1, '2nd', '1st Semester', '3', '2021-06-25 07:07:20', '2021-06-25 07:07:20'),
(346, 'CAD', 'The Child and Adolescent Learners', 1, 1, '2nd', '1st Semester', '3', '2021-06-25 07:07:46', '2021-06-25 07:07:46'),
(347, 'TP', 'Teaching Profession', 1, 1, '2nd', '1st Semester', '3', '2021-06-25 07:08:19', '2021-06-25 07:08:19'),
(348, 'PE3', 'Individual/Dual Sports', 1, 1, '2nd', '1st Semester', '2', '2021-06-25 07:08:51', '2021-06-25 07:08:51'),
(349, 'GE/Elec1', 'Mathematics, Science and Technology', 1, 1, '2nd', '2nd Semester', '3', '2021-06-25 07:13:25', '2021-06-25 07:13:25'),
(350, 'GE/Elec2', 'Social Science and Philosophy', 1, 1, '2nd', '2nd Semester', '3', '2021-06-25 07:13:59', '2021-06-25 07:13:59'),
(351, 'GE/Elec3', 'Arts/Humanities', 1, 1, '2nd', '2nd Semester', '3', '2021-06-25 07:14:23', '2021-06-25 07:14:23'),
(352, 'CAL II', 'Calculus 2 w/ Different Calculus', 1, 1, '2nd', '2nd Semester', '4', '2021-06-25 07:18:08', '2021-06-25 07:18:08'),
(353, 'Math108', 'Number Theory', 1, 1, '2nd', '2nd Semester', '3', '2021-06-25 07:18:50', '2021-06-25 07:18:50'),
(354, 'Math109', 'Modern Geometry', 1, 1, '2nd', '2nd Semester', '3', '2021-06-25 07:19:19', '2021-06-25 07:19:19'),
(355, 'TTSC', 'The Teacher and  the Community, Sch Culture & Organizational Leadership', 1, 1, '2nd', '2nd Semester', '3', '2021-06-25 07:20:14', '2021-06-25 07:20:14'),
(356, 'LIT1/GE', 'Panitikan ng Rehiyon', 1, 1, '2nd', '2nd Semester', '3', '2021-06-25 07:20:56', '2021-06-25 07:20:56'),
(357, 'PE4', 'Team Sports', 1, 1, '2nd', '2nd Semester', '2', '2021-06-25 07:21:22', '2021-06-25 07:21:22'),
(358, 'CAL III', 'Calculus 3 w/ Integral Calculus', 1, 1, '3rd', '1st Semester', '3', '2021-06-25 07:21:52', '2021-06-25 07:21:52'),
(359, 'Math110', 'Advanced Statistics', 1, 1, '3rd', '1st Semester', '3', '2021-06-25 07:22:26', '2021-06-25 07:22:26'),
(360, 'Math111', 'Problem Solving Mathematical Investigation and Modeling', 1, 1, '3rd', '1st Semester', '3', '2021-06-25 07:23:42', '2021-06-25 07:23:42'),
(361, 'Math112', 'Prin & Strategies in Teaching Math', 1, 1, '3rd', '1st Semester', '3', '2021-06-25 07:24:05', '2021-06-25 07:24:05'),
(362, 'FSE', 'Found of Special & Inclusive Educ', 1, 1, '3rd', '1st Semester', '3', '2021-06-25 07:26:33', '2021-06-25 07:26:33'),
(363, 'FLF', 'Facilitating Learning', 1, 1, '3rd', '1st Semester', '3', '2021-06-25 07:27:46', '2021-06-25 07:27:46'),
(364, 'ASL1', 'Assessment of Learning 1', 1, 1, '3rd', '1st Semester', '3', '2021-06-25 07:28:32', '2021-06-25 07:28:32'),
(365, 'TTL1', 'Technology for Teaching & Learning 1', 1, 1, '3rd', '1st Semester', '3', '2021-06-25 07:29:05', '2021-06-25 07:29:05'),
(366, 'FIL3/GE', 'Lingwistika ng Wikang Pilipino', 1, 1, '3rd', '1st Semester', '3', '2021-06-25 07:30:04', '2021-06-25 07:30:04'),
(367, 'FS1', 'Field Study 1', 1, 1, '4th', '1st Semester', '3', '2021-06-25 07:31:51', '2021-06-25 07:32:08'),
(368, 'FS2', 'Field Study 2', 1, 1, '4th', '1st Semester', '3', '2021-06-25 07:32:37', '2021-06-25 07:32:37'),
(369, 'Pract1', 'Practice Teaching 1', 1, 1, '4th', '2nd Semester', '3', '2021-06-25 07:32:56', '2021-06-25 07:32:56'),
(370, 'Pract2', 'Practice Teaching 2', 1, 1, '4th', '2nd Semester', '3', '2021-06-25 07:33:16', '2021-06-25 07:33:16'),
(371, 'GE/Elec1', 'Mathematics ,Science and Technology', 2, 6, '2nd', '1st Semester', '3', '2021-06-25 07:36:42', '2021-06-25 07:36:42'),
(372, 'GE/Elec2', 'Social Science and Philosophy', 2, 6, '2nd', '1st Semester', '3', '2021-06-25 07:39:05', '2021-06-25 07:39:05'),
(373, 'BA1', 'Basic Microeconomics', 2, 6, '2nd', '1st Semester', '3', '2021-06-25 07:39:55', '2021-06-25 07:39:55'),
(374, 'PROF1', 'Financial Management', 2, 6, '2nd', '1st Semester', '3', '2021-06-25 07:40:39', '2021-06-25 07:40:39'),
(375, 'Inst.Sbj', 'Negotiable Instrument', 2, 6, '2nd', '1st Semester', '3', '2021-06-25 07:41:43', '2021-06-25 07:41:43'),
(376, 'PE3', 'Individual/Dual Sports', 2, 6, '2nd', '1st Semester', '2', '2021-06-25 07:42:32', '2021-06-25 07:42:32'),
(377, 'GE/Elec3', 'Arts/Humanities', 2, 6, '2nd', '2nd Semester', '3', '2021-06-25 07:43:33', '2021-06-25 07:43:33'),
(378, 'BLAW1', 'Business Law, Obligation & Contract', 2, 6, '2nd', '2nd Semester', '3', '2021-06-25 07:46:44', '2021-06-25 07:46:44'),
(379, 'TAX1', 'Income Taxation', 2, 6, '2nd', '1st Semester', '3', '2021-06-25 07:48:41', '2021-06-25 07:48:41'),
(380, 'FAR', 'Financial analysis & Reporting', 2, 6, '2nd', '1st Semester', '3', '2021-06-25 07:50:07', '2021-06-25 07:50:07'),
(381, 'BFI', 'Banking and Financial Institution', 2, 6, '2nd', '2nd Semester', '3', '2021-06-25 07:51:18', '2021-06-25 07:51:18'),
(382, 'MKTG1', 'Principles of Marketing', 2, 6, '2nd', '2nd Semester', '3', '2021-06-25 07:52:32', '2021-06-25 07:52:32'),
(383, 'PE4', 'Team Sports', 2, 6, '2nd', '2nd Semester', '2', '2021-06-25 07:53:55', '2021-06-25 07:53:55'),
(384, 'SFM', 'Strategic Financial Management', 2, 6, '3rd', '1st Semester', '3', '2021-06-25 07:55:36', '2021-06-25 07:55:36'),
(385, 'SRGG', 'Good Governance & Social Responsibility', 2, 6, '3rd', '1st Semester', '3', '2021-06-25 07:56:57', '2021-06-25 07:56:57'),
(386, 'SRGG', 'Good Governance & Social Responsibility', 2, 6, '3rd', '1st Semester', '3', '2021-06-25 07:57:56', '2021-06-25 07:57:56'),
(387, 'HRM', 'Human Resource Management', 2, 6, '3rd', '1st Semester', '3', '2021-06-25 07:59:21', '2021-06-25 07:59:21'),
(388, 'BA6', 'International Trade and Agreements', 2, 6, '3rd', '1st Semester', '3', '2021-06-25 08:00:27', '2021-06-25 08:00:27'),
(389, 'MPCB', 'Monetary Policy and Central Banking', 2, 6, '3rd', '1st Semester', '3', '2021-06-25 08:01:40', '2021-06-25 08:01:40'),
(390, 'MFM', 'Investment and Porfolio Management', 2, 6, '3rd', '1st Semester', '3', '2021-06-25 08:03:13', '2021-06-25 08:03:13'),
(391, 'BA7', 'Business Research', 2, 6, '3rd', '2nd Semester', '3', '2021-06-25 08:04:25', '2021-06-25 08:04:25'),
(392, 'TQM', 'Operations Management (TQM)', 2, 6, '3rd', '2nd Semester', '3', '2021-06-25 08:05:57', '2021-06-25 08:05:57'),
(393, 'FIN6', 'Credit and Collection', 2, 6, '3rd', '2nd Semester', '3', '2021-06-25 08:06:55', '2021-06-25 08:06:55'),
(394, 'CP', 'Capital Market', 2, 6, '3rd', '2nd Semester', '3', '2021-06-25 08:07:35', '2021-06-25 08:07:35'),
(395, 'PF', 'Public Finance', 2, 6, '3rd', '2nd Semester', '3', '2021-06-25 08:08:17', '2021-06-25 08:08:17'),
(396, 'Inst.Sbj', 'Personality Dev\'t & Indvd\'I Responsibility', 2, 6, '3rd', '2nd Semester', '3', '2021-06-25 08:12:11', '2021-06-25 08:12:11'),
(397, 'ELEC1', 'Cooperative Management', 2, 6, '4th', '1st Semester', '3', '2021-06-25 08:13:33', '2021-06-25 08:13:33'),
(398, 'ELEC2', 'Special Topics in Financial Management', 2, 6, '4th', '1st Semester', '3', '2021-06-25 08:14:51', '2021-06-25 08:14:51'),
(399, 'ELEC3', 'Treasury Management', 2, 6, '4th', '1st Semester', '3', '2021-06-25 08:15:37', '2021-06-25 08:15:37'),
(400, 'ELEC4', 'Feasibility', 2, 6, '4th', '1st Semester', '3', '2021-06-25 08:16:18', '2021-06-25 08:16:18'),
(401, 'ELEC5', 'Entrepreneural Management', 2, 6, '4th', '1st Semester', '3', '2021-06-25 08:17:15', '2021-06-25 08:17:15'),
(402, 'Pract2', 'Practicum/Work Integrated Learning', 2, 6, '4th', '2nd Semester', '3', '2021-06-25 08:18:50', '2021-06-25 08:47:51'),
(403, 'GE1', 'Understanding the Self', 1, 3, '1st', '1st Semester', '3', '2021-06-25 08:49:15', '2021-06-25 08:49:15'),
(404, 'GE2', 'Readings in Philippine History', 1, 3, '1st', '1st Semester', '3', '2021-06-25 08:51:32', '2021-06-25 08:51:32'),
(405, 'GE3', 'The Contemporary World', 1, 3, '1st', '1st Semester', '3', '2021-06-25 08:52:57', '2021-06-25 08:52:57'),
(406, 'GE4', 'Mathematics in the Modern World', 1, 3, '1st', '1st Semester', '3', '2021-06-25 08:54:01', '2021-06-25 08:54:01'),
(407, 'FIL1/GE1', 'Komunikasyon sa Akademikong Filipino', 1, 3, '1st', '1st Semester', '3', '2021-06-25 08:55:26', '2021-06-25 08:55:26'),
(408, 'FIL101', 'Introduksyon sa Pag-aaral ng Wika', 1, 3, '1st', '1st Semester', '3', '2021-06-25 08:57:10', '2021-06-25 08:57:10'),
(409, 'FIL102', 'Panimulang Linggwistika', 1, 3, '1st', '1st Semester', '3', '2021-06-25 08:58:24', '2021-06-25 08:58:24'),
(410, 'NSTP1', 'Nagtional Service Training  Program 1', 1, 3, '1st', '1st Semester', '3', '2021-06-25 08:59:39', '2021-06-25 08:59:39'),
(411, 'PE1', 'Self-Testing Activities', 1, 3, '1st', '1st Semester', '3', '2021-06-25 09:00:46', '2021-06-25 09:00:46'),
(412, 'GE5', 'Purposive Communication', 1, 3, '1st', '2nd Semester', '3', '2021-06-25 09:04:55', '2021-06-25 09:04:55'),
(413, 'GE6', 'Art Appreciation', 1, 3, '1st', '1st Semester', '3', '2021-06-25 09:05:59', '2021-06-25 09:05:59'),
(414, 'GE7', 'Science,Technology, and Society', 1, 3, '1st', '1st Semester', '3', '2021-06-25 09:07:20', '2021-06-25 09:07:20'),
(415, 'GE8', 'Ethics', 1, 3, '1st', '1st Semester', '3', '2021-06-25 09:08:01', '2021-06-25 09:08:01'),
(416, 'FIL2/GE', 'Pagbasa ng mga Obra-Maestra', 1, 3, '1st', '1st Semester', '3', '2021-06-25 09:09:04', '2021-06-25 09:09:04'),
(417, 'LIT101', 'Panitikan ng Rehiyon', 1, 3, '1st', '2nd Semester', '3', '2021-06-25 09:10:36', '2021-06-25 09:10:36'),
(418, 'FIL103', 'Filipino sa Kurikulum ng Batayan Eduk', 1, 3, '1st', '2nd Semester', '3', '2021-06-25 09:12:31', '2021-06-25 09:12:31'),
(419, 'NSTP2', 'National Service Training Program 2', 1, 3, '1st', '2nd Semester', '3', '2021-06-25 09:13:32', '2021-06-25 09:13:32'),
(420, 'PE2', 'Fund of Rhythmic Activities', 1, 3, '1st', '2nd Semester', '2', '2021-06-25 09:14:49', '2021-06-25 09:14:49'),
(421, 'GE9', 'Rizal\'s Life, Works and Writings', 1, 3, '2nd', '1st Semester', '3', '2021-06-25 09:16:29', '2021-06-25 09:16:29'),
(422, 'GE/Elec1', 'Mathematics, Science and Technology', 1, 3, '2nd', '1st Semester', '3', '2021-06-25 09:17:51', '2021-06-25 09:17:51'),
(423, 'CAD', 'The Child and Adolescent Learners Teaching Profession', 1, 3, '2nd', '1st Semester', '3', '2021-06-25 09:19:07', '2021-06-25 09:19:07'),
(424, 'TP', 'Teaching Profession', 1, 3, '2nd', '1st Semester', '3', '2021-06-25 09:21:45', '2021-06-25 09:21:45'),
(425, 'FIL104', 'Estruktura ng Wikang Filipino', 1, 3, '2nd', '1st Semester', '3', '2021-06-25 09:23:10', '2021-06-25 09:23:10'),
(426, 'FIL105', 'Pagtuturo, Pagtataya ng Makrong Kasanayang Pangwika', 1, 3, '2nd', '1st Semester', '3', '2021-06-25 09:24:46', '2021-06-25 09:24:46');
INSERT INTO `subjects` (`id`, `code`, `description`, `course_id`, `major_id`, `level`, `term`, `units`, `created_at`, `updated_at`) VALUES
(427, 'FIL106', 'Ugnayang ng Wika, Kultura at Lipunan', 1, 3, '2nd', '1st Semester', '3', '2021-06-25 09:31:14', '2021-06-25 09:31:14'),
(428, 'FIL107', 'Paghahanda at Evalwasyon ng Kagamitan Panturo', 1, 3, '2nd', '1st Semester', '3', '2021-06-25 09:32:29', '2021-06-25 09:32:29'),
(429, 'PE3', 'Individual/Dual Sports', 1, 3, '2nd', '1st Semester', '2', '2021-06-25 09:33:43', '2021-06-25 09:33:43'),
(430, 'GE/Elec2', 'Social Science and Philosophy', 1, 3, '2nd', '2nd Semester', '3', '2021-06-25 09:35:06', '2021-06-25 09:35:06'),
(431, 'GE/Elec3', 'Arts/ Humanities', 1, 3, '2nd', '2nd Semester', '3', '2021-06-25 09:36:13', '2021-06-25 09:36:13'),
(432, 'TTSC', 'The Teacher and the Community,Sch Culture & Organizational Leadership', 1, 3, '2nd', '2nd Semester', '3', '2021-06-25 09:38:01', '2021-06-25 09:38:01'),
(433, 'FIL108', 'Introduksyon sa Pagsasalin', 1, 3, '2nd', '2nd Semester', '3', '2021-06-25 09:39:18', '2021-06-25 09:39:18'),
(434, 'FIL109', 'Intro sa Pananaliksik-Wika at Panitikan', 1, 3, '2nd', '2nd Semester', '3', '2021-06-25 09:41:09', '2021-06-25 09:41:09'),
(435, 'LIT102', 'Kulturang Popular', 1, 3, '2nd', '2nd Semester', '3', '2021-06-25 09:42:00', '2021-06-25 09:42:00'),
(436, 'LIT103', 'Sanaysay at Talumpati', 1, 3, '2nd', '2nd Semester', '3', '2021-06-25 09:43:01', '2021-06-25 09:43:01'),
(437, 'LIT104', 'Panunuring Pampanitikan', 1, 3, '2nd', '2nd Semester', '3', '2021-06-25 09:44:16', '2021-06-25 09:44:16'),
(438, 'PE4', 'Team SportS', 1, 3, '2nd', '2nd Semester', '2', '2021-06-25 09:45:15', '2021-06-25 09:45:15'),
(439, 'LIT105', 'Maikling Kuwento,Dula at Nobelang Fil', 1, 3, '3rd', '1st Semester', '3', '2021-06-25 09:49:09', '2021-06-25 09:49:09'),
(440, 'FIL110', 'Introduksyon sa Pamamahayag', 1, 3, '3rd', '1st Semester', '3', '2021-06-25 09:50:08', '2021-06-25 09:50:08'),
(441, 'FIL111', 'Barayti at Baryasyon ng Wika', 1, 3, '3rd', '1st Semester', '3', '2021-06-25 09:51:27', '2021-06-25 09:51:27'),
(442, 'TTL1', 'Technology for Tchg & Learning 1', 1, 3, '3rd', '1st Semester', '3', '2021-06-25 09:52:58', '2021-06-25 09:52:58'),
(443, 'FSE', 'Found of Special & Inclusive Educ', 1, 3, '3rd', '1st Semester', '3', '2021-06-25 09:54:28', '2021-06-25 09:54:28'),
(444, 'FLF', 'Facilitating Learning 1', 1, 3, '3rd', '1st Semester', '3', '2021-06-25 09:55:27', '2021-06-25 09:55:27'),
(445, 'ASL1', 'Assessment of Learning 1', 1, 3, '3rd', '1st Semester', '3', '2021-06-25 09:56:21', '2021-06-25 09:56:21'),
(446, 'LIT1/GE', 'Panitikan ng mga Umuunlad na Bansa', 1, 3, '3rd', '1st Semester', '3', '2021-06-25 09:58:09', '2021-06-25 09:58:09'),
(447, 'FIL3/GE', 'Pagtuturo,Pagtataya sa Pakikinig at Pagsasalita', 1, 3, '3rd', '1st Semester', '3', '2021-06-25 09:59:32', '2021-06-25 09:59:32'),
(448, 'LIT106', 'Panulaang Filipino', 1, 3, '3rd', '2nd Semester', '3', '2021-06-25 10:00:28', '2021-06-25 10:00:28'),
(449, 'LIT106', 'Dulang Filipino', 1, 3, '3rd', '2nd Semester', '3', '2021-06-25 10:01:27', '2021-06-25 10:01:27'),
(450, 'ASL2', 'Assessment of Learning 2', 1, 3, '3rd', '2nd Semester', '3', '2021-06-25 10:02:11', '2021-06-25 10:02:11'),
(451, 'TTL2', 'Technology for Tchg & Learning 2', 1, 3, '3rd', '2nd Semester', '3', '2021-06-25 10:03:19', '2021-06-25 10:03:19'),
(452, 'TTL2', 'The Teacher and the School Curriculum', 1, 3, '3rd', '2nd Semester', '3', '2021-06-25 10:04:25', '2021-06-25 10:04:25'),
(453, 'BELS', 'Building and Enhancing Literacy Skills', 1, 3, '3rd', '2nd Semester', '3', '2021-06-25 10:05:52', '2021-06-25 10:05:52'),
(454, 'FIL112', 'Mga Natatanging Diskurso sa Wika at Panitikan', 1, 3, '3rd', '2nd Semester', '3', '2021-06-25 10:07:35', '2021-06-25 10:07:35'),
(455, 'FIL113', 'Masining na Pagpapahayag', 1, 3, '3rd', '2nd Semester', '3', '2021-06-25 10:08:37', '2021-06-25 10:08:37'),
(456, 'LIT2/GE', 'Kontemporaryong Panitikang Filipino', 1, 3, '3rd', '2nd Semester', '3', '2021-06-25 10:09:49', '2021-06-25 10:09:49'),
(457, 'ELECT1', 'Malikhaing Pagsulat', 1, 3, '4th', '1st Semester', '3', '2021-06-25 10:11:11', '2021-06-25 10:11:11'),
(458, 'ELECT 2', 'Pagsasalin sa Ibat\'t-Ibang Disiplina', 1, 3, '4th', '1st Semester', '3', '2021-06-25 10:12:11', '2021-06-25 10:12:11'),
(459, 'FS1', 'Field Study 1', 1, 3, '4th', '1st Semester', '3', '2021-06-25 10:13:00', '2021-06-25 10:13:00'),
(460, 'FS2', 'Field Study 2', 1, 3, '4th', '1st Semester', '3', '2021-06-25 10:13:43', '2021-06-25 10:13:43'),
(461, 'Pract', 'Practice  Teaching', 1, 3, '4th', '2nd Semester', '3', '2021-06-25 10:15:39', '2021-06-25 10:15:39'),
(462, 'Pract', 'Practice Teaching', 1, 3, '4th', '2nd Semester', '3', '2021-06-25 10:16:23', '2021-06-25 10:16:23');

SET FOREIGN_KEY_CHECKS = 1;

COMMIT;
